[
  {
    "id": 1,
    "title": "My Pro",
    "instructor": "my pro name is here",
    "date": "2023-Mar-04",
    "time": "2:00 PM",
    "remaining": " Reaming 10 Lessons (10/20) ",
    "status": "upcoming"
  },
  {
    "id": 2,
    "title": "My Pro",
    "instructor": "my pro name is here",
    "date": "2023-Feb-04",
    "time": "2:00 PM",
    "remaining": "Reaming 10 Lessons (10/20)",
    "status": "upcoming"
  },
  {
    "id": 3,
    "title": "My Pro",
    "instructor": "my pro name is here",
    "date": "2023-Dec-04",
    "time": "2:00 PM",
    "remaining": "Reaming 10 Lessons (10/20)",
    "status": "upcoming"
  },
  {
    "id": 4,
    "title": "My Pro",
    "instructor": "my pro name is here",
    "date": "2023-Jan-04",
    "time": "2:00 PM",
    "remaining": "Reaming 10 Lessons (10/20)",
    "status": "upcoming"
  }
]
