[
    {
      "name": "Kuala Lumpur Golf & Country Club",
      "img": "https://dynamic-media-cdn.tripadvisor.com/media/photo-o/10/1c/10/a2/tpc-kuala-lumpur.jpg?w=1200&h=-1&s=1",
      "lat": 3.145975,
      "lng": 101.653441,
      "description": "One of the premier golf and country clubs in Kuala Lumpur",
      "professionals": [
        {
          "name": "John Smith"
          ,      "photo": "https://encrypted-tbn0.gstatic.com/images?q=tbn:ANd9GcRmnNxspfPFZzHGnvtchLxbf-kHgEeTDuKXZ9e38OKre41TI1LvQa2FPfQhcwK8PFDFlTw&usqp=CAU"
        },
        {
          "name": "Emily Johnson"
          , "photo": "https://modo-phinf.pstatic.net/20220117_57/1642420523822UREN5_JPEG/mosaW2jrn9.jpeg?type=w1100"
        },
        {
          "name": "Michael Brown"
          , "photo": "https://modo-phinf.pstatic.net/20220117_57/1642420523822UREN5_JPEG/mosaW2jrn9.jpeg?type=w1100"
        }
      ]
    },
    {
      "name": "TPC Kuala Lumpur",
      "img": "https://klgccwebsecurestoreprd01.blob.core.windows.net/klgccweb-prod/paragraph/slide-item/074_TPC_KL_V1_16BITS_0.jpg",
      "lat": 3.163064,
      "lng": 101.717808,
      "description": "Home to the prestigious CIMB Classic golf tournament",
      "professionals": [
        {
          "name": "Jessica Davis"
          ,      "photo": "https://encrypted-tbn0.gstatic.com/images?q=tbn:ANd9GcRmnNxspfPFZzHGnvtchLxbf-kHgEeTDuKXZ9e38OKre41TI1LvQa2FPfQhcwK8PFDFlTw&usqp=CAU"
        },
        {
          "name": "Matthew Wilson"
          , "photo": "https://modo-phinf.pstatic.net/20220117_57/1642420523822UREN5_JPEG/mosaW2jrn9.jpeg?type=w1100"
        },
        {
          "name": "Emma Taylor"
          , "photo": "https://modo-phinf.pstatic.net/20220117_57/1642420523822UREN5_JPEG/mosaW2jrn9.jpeg?type=w1100"
        }
      ]
    },
    {
      "name": "Royal Selangor Golf Club",
      "img": "https://www.simedarbyproperty.com/img/tpc-gallery/gallery-01.jpg",
      "lat": 3.150878,
      "lng": 101.705381,
      "description": "One of the oldest and most esteemed golf clubs in Malaysia",
      "professionals": [
        {
          "name": "Daniel Clark"
          ,      "photo": "https://encrypted-tbn0.gstatic.com/images?q=tbn:ANd9GcRmnNxspfPFZzHGnvtchLxbf-kHgEeTDuKXZ9e38OKre41TI1LvQa2FPfQhcwK8PFDFlTw&usqp=CAU"
        },
        {
          "name": "Olivia White"
          , "photo": "https://modo-phinf.pstatic.net/20220117_57/1642420523822UREN5_JPEG/mosaW2jrn9.jpeg?type=w1100"
        },
        {
          "name": "Noah Anderson"
          , "photo": "https://modo-phinf.pstatic.net/20220117_57/1642420523822UREN5_JPEG/mosaW2jrn9.jpeg?type=w1100"
        }
      ]
    },
    {
      "name": "Kelab Golf Perkhidmatan Awam",
      "img": "https://www.simedarbyproperty.com/img/tpc-gallery/gallery-06.jpg",
      "lat": 3.136981,
      "lng": 101.689097,
      "description": "A popular golf club among government officials and public servants",
      "professionals": [
        {
          "name": "Sophia Wilson"
          ,      "photo": "https://encrypted-tbn0.gstatic.com/images?q=tbn:ANd9GcRmnNxspfPFZzHGnvtchLxbf-kHgEeTDuKXZ9e38OKre41TI1LvQa2FPfQhcwK8PFDFlTw&usqp=CAU"
        },
        {
          "name": "William Lee"
          , "photo": "https://modo-phinf.pstatic.net/20220117_57/1642420523822UREN5_JPEG/mosaW2jrn9.jpeg?type=w1100"
        },
        {
          "name": "Ava Martinez"
          ,"photo": "https://encrypted-tbn0.gstatic.com/images?q=tbn:ANd9GcQyxqgtPlUR095GPaJbdPtjDuzdINgAdnHaxA&usqp=CAU"
        }
      ]
    },
    {
      "name": "Kelab Golf Sultan Abdul Aziz Shah",
      "img": "https://www.simedarbyproperty.com/img/tpc-gallery/gallery-01.jpg",
      "lat": 3.082778,
      "lng": 101.556944,
      "description": "Known for its picturesque scenery and challenging courses",
      "professionals": [
        {
          "name": "James Johnson"
          ,      "photo": "https://encrypted-tbn0.gstatic.com/images?q=tbn:ANd9GcRmnNxspfPFZzHGnvtchLxbf-kHgEeTDuKXZ9e38OKre41TI1LvQa2FPfQhcwK8PFDFlTw&usqp=CAU"
        },
        {
          "name": "Isabella Brown"
          , "photo": "https://modo-phinf.pstatic.net/20220117_57/1642420523822UREN5_JPEG/mosaW2jrn9.jpeg?type=w1100"
        },
        {
          "name": "Jacob Taylor"
          ,"photo": "https://encrypted-tbn0.gstatic.com/images?q=tbn:ANd9GcQyxqgtPlUR095GPaJbdPtjDuzdINgAdnHaxA&usqp=CAU"
        }
      ]
    },
    {
      "name": "Bukit Jalil Golf & Country Resort",
      "img": "https://www.simedarbyproperty.com/img/tpc-gallery/gallery-06.jpg",
      "lat": 3.055833,
      "lng": 101.685556,
      "description": "Featuring a championship golf course and luxurious amenities",
      "professionals": [
        {
          "name": "Benjamin Wilson",
          "photo": "https://encrypted-tbn0.gstatic.com/images?q=tbn:ANd9GcRmnNxspfPFZzHGnvtchLxbf-kHgEeTDuKXZ9e38OKre41TI1LvQa2FPfQhcwK8PFDFlTw&usqp=CAU"
        },
        {
          "name": "Sophia Anderson",
          "photo": "https://modo-phinf.pstatic.net/20220117_57/1642420523822UREN5_JPEG/mosaW2jrn9.jpeg?type=w1100"
        },
        {
          "name": "Lucas Clark"
          ,  "photo": "https://encrypted-tbn0.gstatic.com/images?q=tbn:ANd9GcQyxqgtPlUR095GPaJbdPtjDuzdINgAdnHaxA&usqp=CAU"
        }
      ]
    },
    {
      "name": "Glenmarie Golf & Country Club",
      "img": "https://dynamic-media-cdn.tripadvisor.com/media/photo-o/10/1c/10/a2/tpc-kuala-lumpur.jpg?w=1200&h=-1&s=1",
      "lat": 3.104583,
      "lng": 101.550583,
      "description": "A premier golf destination offering two 18-hole championship courses",
      "professionals": [
        {
          "name": "Ethan Taylor",
          "photo": "https://encrypted-tbn0.gstatic.com/images?q=tbn:ANd9GcRmnNxspfPFZzHGnvtchLxbf-kHgEeTDuKXZ9e38OKre41TI1LvQa2FPfQhcwK8PFDFlTw&usqp=CAU"
        },
        {
          "name": "Olivia Lee",
          "photo": "https://modo-phinf.pstatic.net/20220117_57/1642420523822UREN5_JPEG/mosaW2jrn9.jpeg?type=w1100"
        },
        {
          "name": "Alexander Martinez",
          "photo": "https://encrypted-tbn0.gstatic.com/images?q=tbn:ANd9GcQyxqgtPlUR095GPaJbdPtjDuzdINgAdnHaxA&usqp=CAU"
        }
      ]
    },
    {
      "name": "Tropicana Golf & Country Resort",
      "img": "https://www.simedarbyproperty.com/img/tpc-gallery/gallery-01.jpg",
      "lat": 3.121453,
      "lng": 101.600695,
      "description": "Known for its beautifully landscaped courses and exclusive amenities",
      "professionals": [
        {
          "name": "Emma Brown",
          "photo": "https://encrypted-tbn0.gstatic.com/images?q=tbn:ANd9GcRmnNxspfPFZzHGnvtchLxbf-kHgEeTDuKXZ9e38OKre41TI1LvQa2FPfQhcwK8PFDFlTw&usqp=CAU"
        },
        {
          "name": "Lucas Johnson",
          "photo": "https://modo-phinf.pstatic.net/20220117_57/1642420523822UREN5_JPEG/mosaW2jrn9.jpeg?type=w1100"

        },
        {
          "name": "Madison Wilson",
          "photo": "https://encrypted-tbn0.gstatic.com/images?q=tbn:ANd9GcQyxqgtPlUR095GPaJbdPtjDuzdINgAdnHaxA&usqp=CAU"
        }
      ]
    },
    {
      "name": "Saujana Golf & Country Club",
      "img": "https://pargolf.my/wp-content/uploads/2019/12/TPCKL-clubhouse-2019-1000x600.jpg",
      "lat": 3.109694,
      "lng": 101.579694,
      "description": "Home to two championship golf courses designed by Ronald Fream",
      "professionals": [
        {
          "name": "Sophia Davis",
          "photo": "https://encrypted-tbn0.gstatic.com/images?q=tbn:ANd9GcRmnNxspfPFZzHGnvtchLxbf-kHgEeTDuKXZ9e38OKre41TI1LvQa2FPfQhcwK8PFDFlTw&usqp=CAU"
        },
        {
          "name": "Daniel White",
          "photo": "https://modo-phinf.pstatic.net/20220117_57/1642420523822UREN5_JPEG/mosaW2jrn9.jpeg?type=w1100"
        },
        {
          "name": "Isabella Anderson",
          "photo": "https://encrypted-tbn0.gstatic.com/images?q=tbn:ANd9GcQyxqgtPlUR095GPaJbdPtjDuzdINgAdnHaxA&usqp=CAU"
        }
      ]
    },
    {
      "name": "Kota Permai Golf & Country Club",
      "img": "https://dynamic-media-cdn.tripadvisor.com/media/photo-o/10/1c/10/a2/tpc-kuala-lumpur.jpg?w=1200&h=-1&s=1",
      "lat": 2.999722,
      "lng": 101.580556,
      "description": "Consistently ranked among the top golf courses in Malaysia",
      "professionals": [
        {
          "name": "Benjamin Martinez",
          "photo": "https://encrypted-tbn0.gstatic.com/images?q=tbn:ANd9GcRmnNxspfPFZzHGnvtchLxbf-kHgEeTDuKXZ9e38OKre41TI1LvQa2FPfQhcwK8PFDFlTw&usqp=CAU"
        },
        {
          "name": "Ava Johnson",
          "photo": "https://modo-phinf.pstatic.net/20220117_57/1642420523822UREN5_JPEG/mosaW2jrn9.jpeg?type=w1100"
        },
        {
          "name": "Jacob Brown",
          "photo": "https://encrypted-tbn0.gstatic.com/images?q=tbn:ANd9GcQyxqgtPlUR095GPaJbdPtjDuzdINgAdnHaxA&usqp=CAU"
        }
      ]
    }
  ]
  